<?xml version="1.0" encoding="UTF-8"?>
<addonCore>
  <label>Voltage_Regulation</label>
  <version>1.0</version>
  <type>app</type>
  <packagedBy>(R2022b)</packagedBy>
  <identifier>2a49f96d-d184-42f5-9835-4eee3e014785</identifier>
  <summary>Voltage Regulation</summary>
  <createdBy name="sunil kumar sahoo" email="121ee03632@nitrkl.ac.in"/>
  <image>resources/screenshot.png</image>
  <icons>
    <icon tag="0">resources/icon_48.png</icon>
    <icon tag="1">resources/icon_24.png</icon>
    <icon tag="2">resources/icon_16.png</icon>
  </icons>
</addonCore>
